true_label,predicted_label,true_department,predicted_department,confidence,correct,prob_Engineering,prob_Finance,prob_HR,prob_Healthcare,prob_IT,prob_Marketing,prob_Sales
3,1,Healthcare,Finance,0.2803360291179094,False,0.0395815366188788,0.2803360291179094,0.10892780556247067,0.1246234796952057,0.09810826759984674,0.07239209310596749,0.27603078829972116
1,1,Finance,Finance,0.2396142859929175,True,0.10843069696628267,0.2396142859929175,0.1137061406404856,0.06825452635353342,0.06739324032915159,0.17601358883904947,0.22658752087857983
2,2,HR,HR,0.34169218600806167,True,0.15585150764794545,0.15580412396399806,0.34169218600806167,0.10381486333309389,0.08312370906161269,0.08804456508369722,0.07166904490159096
2,4,HR,IT,0.2866760236656723,False,0.06667208755866748,0.0630627054502353,0.14903983507891477,0.08749729060068889,0.2866760236656723,0.17537910528991735,0.1716729523559039
5,5,Marketing,Marketing,0.46306503831732937,True,0.060921697425855084,0.05401638598457807,0.09493661319794465,0.046572826889309166,0.1342494593100232,0.46306503831732937,0.14623797887496037
1,1,Finance,Finance,0.26888683040020667,True,0.14031713421471229,0.26888683040020667,0.11957641193554013,0.1363853344167777,0.12751006461847497,0.08001434388319026,0.12730988053109804
3,6,Healthcare,Sales,0.2809504236201322,False,0.036844161856239226,0.11461087936648622,0.1293028686345984,0.13963263196991038,0.1398771048927257,0.1587819296599079,0.2809504236201322
4,4,IT,IT,0.3703202300164183,True,0.030628290508868065,0.052191334472179655,0.07466794864368755,0.04984200902717227,0.3703202300164183,0.23418453601009048,0.18816565132158367
2,2,HR,HR,0.35465317050350686,True,0.1256114421973792,0.13140923369966265,0.35465317050350686,0.11574730669288923,0.07011363140326687,0.09092976666318328,0.11153544884011195
3,3,Healthcare,Healthcare,0.3117113611527063,True,0.08614414273433679,0.035053746415267185,0.1263033305915775,0.3117113611527063,0.07052095606983985,0.24417720044083202,0.12608926259544032
0,0,Engineering,Engineering,0.31536491516033915,True,0.31536491516033915,0.053016722302560604,0.14531655169123336,0.07288050122775061,0.21928413313940187,0.1514847816513225,0.042652394827391804
1,1,Finance,Finance,0.4237497647870896,True,0.1161329762509107,0.4237497647870896,0.16519581099092165,0.0591757014882044,0.0699612183197338,0.05926151693783068,0.10652301122530924
1,1,Finance,Finance,0.29864877805645573,True,0.07473237162632719,0.29864877805645573,0.27377604826305857,0.11825221518478318,0.07809912857487962,0.07851246285220713,0.07797899544228838
1,2,Finance,HR,0.2615914060149454,False,0.15771606266838112,0.10838013068321564,0.2615914060149454,0.12358591147959404,0.06348126078820814,0.2046120904044223,0.08063313796123334
2,3,HR,Healthcare,0.31144037295766325,False,0.1948365334467618,0.10605814374644665,0.17664318736743592,0.31144037295766325,0.06938643309867214,0.09076198528693305,0.05087334409608716
2,2,HR,HR,0.2989476805337908,True,0.12552041630177976,0.048759026186896606,0.2989476805337908,0.10451226528175481,0.06816138421324365,0.28105147296531563,0.07304775451721891
2,2,HR,HR,0.5174485652985146,True,0.0732724579069569,0.04121829206550959,0.5174485652985146,0.08251751632359446,0.055962321357012845,0.12123596874140373,0.10834487830700783
0,0,Engineering,Engineering,0.25860523412067843,True,0.25860523412067843,0.05298428311783798,0.18271650466740605,0.18395174821955482,0.051559174615722674,0.20355330368970487,0.06662975156909504
4,4,IT,IT,0.2975467774663218,True,0.14982155539166508,0.1976706580661155,0.20793505523553477,0.051600709697666135,0.2975467774663218,0.0625802933200771,0.032844950822619616
5,2,Marketing,HR,0.33876312628302035,False,0.09512338964423667,0.0341563097641919,0.33876312628302035,0.0966711282450921,0.0845619046657915,0.3154363979818542,0.03528774341581313
1,1,Finance,Finance,0.4819901819167709,True,0.1095920886694707,0.4819901819167709,0.11286631217178893,0.05523054937905385,0.09258412935335945,0.05937804712272386,0.08835869138683249
1,1,Finance,Finance,0.43361396111633177,True,0.16244643154830207,0.43361396111633177,0.1557415317407186,0.0671395924336933,0.05264244891693413,0.07384848974780536,0.05456754449621467
3,2,Healthcare,HR,0.36492839550772577,False,0.09646404583135124,0.032695380690428134,0.36492839550772577,0.24498187870877597,0.04596731033586477,0.17261185581111907,0.04235113311473503
0,0,Engineering,Engineering,0.3524888468240946,True,0.3524888468240946,0.15093221154669156,0.1307944091372102,0.07738822898939643,0.1302478951959429,0.09812718402604262,0.060021224280621635
3,3,Healthcare,Healthcare,0.37096644345519264,True,0.10824204675279568,0.056055247207750486,0.19422453536984724,0.37096644345519264,0.08900851113015373,0.07899563763891464,0.10250757844534546
6,6,Sales,Sales,0.3622424348440292,True,0.05015236822617581,0.14938014519051115,0.11578018674631892,0.09632637645769897,0.1522320543327184,0.07388643420254767,0.3622424348440292
3,3,Healthcare,Healthcare,0.4669042147820678,True,0.07371315786316986,0.07380131271663307,0.13183640033002045,0.4669042147820678,0.0638156633617302,0.10448696247583837,0.08544228847054013
2,6,HR,Sales,0.20248739114851258,False,0.10345246531532702,0.15845412832676564,0.17061782741700818,0.14665286168332256,0.07112594672445514,0.14720937938460874,0.20248739114851258
5,6,Marketing,Sales,0.27634104277191796,False,0.10454431537946314,0.051917440237403835,0.10638725351978146,0.13672592446816062,0.05568369747668263,0.26840032614659043,0.27634104277191796
5,5,Marketing,Marketing,0.4036136430507745,True,0.22703945632714134,0.04299311297563192,0.10690652595580499,0.08440567571023153,0.06200399187435131,0.4036136430507745,0.07303759410606447
6,5,Sales,Marketing,0.29159936421153154,False,0.10065055991177295,0.027616739224224904,0.07462259715853144,0.1040342136979691,0.1283624406820394,0.29159936421153154,0.27311408511393054
2,2,HR,HR,0.4174243936174498,True,0.05631056446285212,0.0699560957017599,0.4174243936174498,0.14602932469779983,0.06600937843334333,0.18940856388948588,0.05486167919730911
5,2,Marketing,HR,0.351120222360912,False,0.07586635686933847,0.04993278738284494,0.351120222360912,0.05753299075721791,0.0641806230183814,0.3400312117253173,0.061335807885988025
0,0,Engineering,Engineering,0.5039222519762401,True,0.5039222519762401,0.11747223747233124,0.06864357191782841,0.07343760449289251,0.060309766319616445,0.05403057789331154,0.12218398992777978
5,5,Marketing,Marketing,0.4155881684189442,True,0.1180854082402246,0.06658689141253488,0.06680620462884734,0.060976111917367314,0.1613572177300847,0.4155881684189442,0.11059999765199693
1,1,Finance,Finance,0.49652455680598073,True,0.12597228387576095,0.49652455680598073,0.1440267905715841,0.04017236795240499,0.06126464481963208,0.0897489948324746,0.04229036114216245
3,2,Healthcare,HR,0.34810001736681595,False,0.05094418659579008,0.04153615317899565,0.34810001736681595,0.29435523607281006,0.071572520955175,0.07097430817883692,0.12251757765157632
0,0,Engineering,Engineering,0.472283681183079,True,0.472283681183079,0.051847074090941365,0.12715857491387877,0.07729140987200424,0.06122233296396243,0.17322328994074518,0.036973637035389056
1,1,Finance,Finance,0.49073719833460905,True,0.14601836625066233,0.49073719833460905,0.1033154759467283,0.07953528393767548,0.038004892888606465,0.06930791937316862,0.07308086326854969
1,1,Finance,Finance,0.5856581534148293,True,0.09249334166051495,0.5856581534148293,0.12340737521522757,0.04790316354668294,0.055435027646238595,0.027435015420349658,0.06766792309615705
5,0,Marketing,Engineering,0.46447667624332284,False,0.46447667624332284,0.02385580579699567,0.10063588961373862,0.08716950072226783,0.12821785427343418,0.1321905374718438,0.06345373587839702
5,5,Marketing,Marketing,0.29270652437146727,True,0.06305369265478161,0.0630629740088345,0.10428703747074806,0.06456139342981168,0.17011188679014963,0.29270652437146727,0.24221649127420722
1,1,Finance,Finance,0.5138868040713437,True,0.137587817650633,0.5138868040713437,0.12838909856585717,0.048504152709901424,0.05455895226335382,0.05498542966070204,0.06208774507820897
0,6,Engineering,Sales,0.19291679067562706,False,0.11725950020471154,0.1885336286768071,0.11124904449664232,0.09968794345626728,0.1532690702374651,0.1370840222524796,0.19291679067562706
2,2,HR,HR,0.512136233880457,True,0.08640899506371798,0.04550427755304328,0.512136233880457,0.050115771212902276,0.051726631369771285,0.09875352672293647,0.15535456419717186
2,2,HR,HR,0.27230924669419154,True,0.09750285578797493,0.09576185078942695,0.27230924669419154,0.07790680287881593,0.1462373197613018,0.21478175892266815,0.09550016516562057
2,2,HR,HR,0.38355575564197397,True,0.1178998536246279,0.048530966949899966,0.38355575564197397,0.19181647259040846,0.08845118336807868,0.11349396531663229,0.05625180250837883
0,0,Engineering,Engineering,0.43798067953364367,True,0.43798067953364367,0.042038832394742744,0.13174525863092604,0.09373958557697089,0.08321954840547849,0.17678243635354848,0.03449365910468967
1,1,Finance,Finance,0.6230148116247196,True,0.11410707852436466,0.6230148116247196,0.0902438496566687,0.054453924709410025,0.03935951822008042,0.02785431333839087,0.05096650392636571
1,1,Finance,Finance,0.34403392579892866,True,0.06482853929638775,0.34403392579892866,0.15375166525451006,0.0876448125595484,0.05881109010304958,0.0641529222574708,0.2267770447301048
3,3,Healthcare,Healthcare,0.4014793327753967,True,0.18111336748355472,0.03450294319698296,0.17427640309659248,0.4014793327753967,0.06291444646750724,0.08558309363400848,0.060130413345957395
0,0,Engineering,Engineering,0.5582214360310208,True,0.5582214360310208,0.056974148519798706,0.09802016822338032,0.06743214795100501,0.04932924526481963,0.09407714085043926,0.07594571315953631
2,2,HR,HR,0.3114263026918273,True,0.12386548524406707,0.19967024231522476,0.3114263026918273,0.050292268790158794,0.1673960937022839,0.1032486202505526,0.04410098700588571
5,5,Marketing,Marketing,0.44668117221491466,True,0.0869068159892381,0.04234149417658773,0.173293245932673,0.08890273761235398,0.08128898477481877,0.44668117221491466,0.08058554929941386
0,0,Engineering,Engineering,0.3277602700097522,True,0.3277602700097522,0.09808388189772393,0.14427937321870696,0.07587378038166409,0.09414411847765375,0.1863530695831959,0.07350550643130305
5,1,Marketing,Finance,0.196273364276469,False,0.16673798568637896,0.196273364276469,0.11486796353387659,0.12011805638533385,0.0921537251397988,0.18317888671744748,0.1266700182606955
2,2,HR,HR,0.43144171364923284,True,0.11027793507123211,0.04734901442576432,0.43144171364923284,0.11154244387442139,0.04467964594706801,0.1312740008606913,0.12343524617159003
1,1,Finance,Finance,0.30738085425047845,True,0.07774119643887763,0.30738085425047845,0.13904771221541615,0.14875269251384948,0.041035120601066795,0.07681812061260711,0.20922430336770423
5,1,Marketing,Finance,0.28649928330551006,False,0.1412144023296883,0.28649928330551006,0.15177182168402673,0.14335288627825835,0.1400402271618725,0.06359841056528061,0.07352296867536341
5,5,Marketing,Marketing,0.3258041065627463,True,0.046267507684703967,0.037827755003594005,0.0963948922403158,0.05137527189521271,0.2337467994489678,0.3258041065627463,0.20858366716445936
3,2,Healthcare,HR,0.2260739958606004,False,0.055531786093864804,0.1172105458889033,0.2260739958606004,0.22390877872254392,0.12273580684907692,0.05326841899443411,0.20127066759057655
6,3,Sales,Healthcare,0.2816287488210819,False,0.061465986084160804,0.03836665053234722,0.2725365848360249,0.2816287488210819,0.05803835083829447,0.1648573415702055,0.1231063373178853
2,3,HR,Healthcare,0.36977466364702777,False,0.16395762239219408,0.034983402608738584,0.24007323893241045,0.36977466364702777,0.04887857138155435,0.07198675250110849,0.07034574853696614
2,2,HR,HR,0.25687543177073185,True,0.15507889138368824,0.047542203225088425,0.25687543177073185,0.14023271946330537,0.057466590761593134,0.20182314962112083,0.1409810137744722
1,1,Finance,Finance,0.3599837649233521,True,0.09865004115309953,0.3599837649233521,0.11956086213976719,0.06988652555629538,0.08082794507990325,0.1452693897635899,0.12582147138399272
5,5,Marketing,Marketing,0.3383479559008558,True,0.15752559417477144,0.0331951982338489,0.31167925032764304,0.06602227354103371,0.05813269900817627,0.3383479559008558,0.03509702881367097
2,3,HR,Healthcare,0.3302346588813221,False,0.08427610001095513,0.061352609534435165,0.20111962420006851,0.3302346588813221,0.045621787924289676,0.08212567320374943,0.19526954624517992
2,2,HR,HR,0.28809561002037687,True,0.07577918346688099,0.09276325675926075,0.28809561002037687,0.2272470478750676,0.07371669145629293,0.1780101950206857,0.06438801540143509
3,3,Healthcare,Healthcare,0.32267747243490763,True,0.16420290330207069,0.10496330268560042,0.24979309136141165,0.32267747243490763,0.06896555936158275,0.05322401259766088,0.03617365825676608
2,2,HR,HR,0.4383524555529731,True,0.13124685433772762,0.06805639534523074,0.4383524555529731,0.10947594363740458,0.11822981339607334,0.059083322628033584,0.07555521510255693
6,6,Sales,Sales,0.31211155472008056,True,0.0875648101787552,0.19108022531550542,0.13911540925501287,0.11158576964958233,0.0789637915653677,0.07957843931569593,0.31211155472008056
6,3,Sales,Healthcare,0.3245880209042873,False,0.11624392839049216,0.05419596281016208,0.21842643340770387,0.3245880209042873,0.07238991401499974,0.08733014261477438,0.1268255978575807
3,4,Healthcare,IT,0.27397115706708675,False,0.18740449990069255,0.14140493289717543,0.2038997460089677,0.09161452162054969,0.27397115706708675,0.050625083240092815,0.05108005926543483
5,5,Marketing,Marketing,0.4494924371737561,True,0.05655060753700953,0.05084555056256007,0.11241633223829361,0.061448102543839686,0.1688973224601358,0.4494924371737561,0.10034964748440517
0,0,Engineering,Engineering,0.31353259484173746,True,0.31353259484173746,0.0816253127430942,0.13964803592842448,0.04389648878601878,0.21182175212300203,0.1499854176479477,0.059490397929775334
1,1,Finance,Finance,0.3972516245775646,True,0.13914903619416108,0.3972516245775646,0.1774989655199259,0.07111459697416384,0.05976010918952971,0.09399263111828475,0.061233036426370006
3,1,Healthcare,Finance,0.33947590721293724,False,0.11230237942397557,0.33947590721293724,0.11725253783260199,0.14363761131448588,0.08812830079719507,0.07236324784298402,0.12684001557582023
1,1,Finance,Finance,0.3597496881962506,True,0.2657770613051804,0.3597496881962506,0.105763074963752,0.07559272547467767,0.08840653024359295,0.0530046004732152,0.05170631934333122
2,2,HR,HR,0.5080154694710831,True,0.09114936719070704,0.06921031734416962,0.5080154694710831,0.1360980285881763,0.049372875650564245,0.09225773981176612,0.053896201943533686
3,2,Healthcare,HR,0.3890708545093934,False,0.0768299911904715,0.024452857030570235,0.3890708545093934,0.28833783871581475,0.03527519581305787,0.14892762979011923,0.037105632950573
6,6,Sales,Sales,0.38657691718545417,True,0.07411051319057715,0.14751345145615713,0.12240545353338446,0.08468202669021209,0.08399358063585219,0.10071805730836292,0.38657691718545417
6,2,Sales,HR,0.3666389473057008,False,0.12870177733754176,0.0741371176616318,0.3666389473057008,0.20189410101219132,0.04947610294593284,0.06441777846195479,0.11473417527504683
3,3,Healthcare,Healthcare,0.33766210080232484,True,0.03743416368157135,0.0630389912878877,0.18458585078996834,0.33766210080232484,0.04193580196250497,0.06006280289456808,0.27528028858117476
2,2,HR,HR,0.28817905840100705,True,0.12001239275460981,0.09699635366324581,0.28817905840100705,0.17745340185515768,0.13230758357379444,0.07647886746837733,0.10857234228380787
2,2,HR,HR,0.33071654004713197,True,0.12639515518081337,0.04422709359909982,0.33071654004713197,0.162914474260899,0.07873693049056896,0.1523986992859768,0.10461110713551006
2,2,HR,HR,0.5075447574664149,True,0.07832876589324045,0.05570986115654949,0.5075447574664149,0.07860311705025935,0.046899641474589075,0.1426822868341678,0.09023157012477898
2,2,HR,HR,0.35805313782425835,True,0.13084618722872526,0.04784418522067272,0.35805313782425835,0.07176106463760952,0.10896832900139719,0.1937932915652393,0.08873380452209759
3,3,Healthcare,Healthcare,0.4190980105711011,True,0.10267038094920616,0.12220492614147827,0.1371150941474159,0.4190980105711011,0.05666958025484394,0.08635151067491238,0.07589049726104236
6,6,Sales,Sales,0.3735137798343286,True,0.06513211755605698,0.05657207222904914,0.12999348194934066,0.1258301855621098,0.06380797997291443,0.18515038289620045,0.3735137798343286
5,0,Marketing,Engineering,0.38720913553473657,False,0.38720913553473657,0.0333724442114903,0.0755252692413453,0.07319952978169121,0.09484223995552235,0.2598195727707755,0.07603180850443889
5,5,Marketing,Marketing,0.4547421607764624,True,0.05919031593490497,0.048355545297974034,0.11678709613222929,0.12898119533416708,0.04867322249744198,0.4547421607764624,0.14327046402682025
5,4,Marketing,IT,0.344760302769148,False,0.07242695811882742,0.029573833917047525,0.10781055725641478,0.06648460096914083,0.344760302769148,0.3092362991798194,0.06970744778960214
4,4,IT,IT,0.3342335208430887,True,0.07120941814361319,0.04451179258776152,0.1919091712589752,0.056853881153165725,0.3342335208430887,0.17237956510860994,0.12890265090478578
0,5,Engineering,Marketing,0.27338896325575707,False,0.11500517648838744,0.06193163705239356,0.14336017846973023,0.1975417480521823,0.11039014122676766,0.27338896325575707,0.0983821554547818
6,2,Sales,HR,0.4725598582056299,False,0.06846717226807869,0.037572597384597235,0.4725598582056299,0.0862688140654294,0.045591869600752476,0.10596348020437706,0.18357620827113516
6,6,Sales,Sales,0.3814582119841325,True,0.040646397174694475,0.17311476982619614,0.08639848369223943,0.14273068273505327,0.09960526407238224,0.07604619051530202,0.3814582119841325
5,2,Marketing,HR,0.282152295998372,False,0.20052322173501838,0.08122171722485043,0.282152295998372,0.08763808630506237,0.06568097489610257,0.19031067729760845,0.09247302654298566
2,2,HR,HR,0.4234441846427029,True,0.12204652159644629,0.04177052920324242,0.4234441846427029,0.08966290935191978,0.05912305657948456,0.19837956387715086,0.06557323474905302
5,2,Marketing,HR,0.31693579603053146,False,0.15020956470624786,0.06374465755632039,0.31693579603053146,0.10645984961442097,0.05085962536944328,0.14107784526824,0.17071266145479613
2,2,HR,HR,0.4304385499095489,True,0.08566674109320535,0.08524032170046088,0.4304385499095489,0.18475530334853577,0.050603287087483136,0.10201405865787624,0.0612817382028897
2,2,HR,HR,0.33492888100816476,True,0.11198591880413616,0.09435592388493179,0.33492888100816476,0.11837571821339109,0.1632151166331225,0.09813004883577525,0.07900839262047844
2,5,HR,Marketing,0.2756300552586972,False,0.13015024932381558,0.0648530869947972,0.22929004531802394,0.2107555596170292,0.0450140364154139,0.2756300552586972,0.04430696707222301
2,1,HR,Finance,0.30045721016351123,False,0.05389785003498815,0.30045721016351123,0.18498771973793574,0.0729205359120351,0.0904288859542078,0.13252114047348934,0.16478665772383255
4,5,IT,Marketing,0.293756464234601,False,0.045222498231446036,0.11621241412161112,0.13322581336832431,0.10568868199024214,0.10809429972998871,0.293756464234601,0.19779982832378676
1,1,Finance,Finance,0.580943490944178,True,0.09569011958659458,0.580943490944178,0.10369224902266717,0.0645370908781307,0.04524867523682949,0.059249968109642545,0.05063840622195772
2,2,HR,HR,0.4524458910802213,True,0.0960754244879054,0.07127598566396028,0.4524458910802213,0.06993820317721484,0.06277541626020383,0.09167434204681328,0.15581473728368098
2,2,HR,HR,0.47927437409485774,True,0.06141587205333616,0.0928289806429485,0.47927437409485774,0.1404511034327353,0.05660752147496651,0.130034813684728,0.0393873346164279
5,2,Marketing,HR,0.2638979844381648,False,0.24178909405310395,0.07057006441390919,0.2638979844381648,0.1381009022307913,0.09473434468492921,0.13174315613906423,0.05916445404003719
4,6,IT,Sales,0.3762025520493422,False,0.03803719259676473,0.08204255821259826,0.1311297216372076,0.07595076872687011,0.15353064155840346,0.14310656521881363,0.3762025520493422
0,0,Engineering,Engineering,0.39247165479524454,True,0.39247165479524454,0.07138670764929927,0.12622726106250812,0.09551924590053971,0.07030307778571099,0.11858787231919837,0.12550418048749892
1,1,Finance,Finance,0.6044374445280009,True,0.0708524542186937,0.6044374445280009,0.0966313075191233,0.051456317106270716,0.07353382397542495,0.051238513663543074,0.05185013898894343
0,2,Engineering,HR,0.2592043335164772,False,0.18952262821568897,0.09534327768596919,0.2592043335164772,0.08469160144415962,0.14052824529043034,0.15721287086560956,0.07349704298166504
2,2,HR,HR,0.5995158714790183,True,0.07191210415067102,0.04085795754016205,0.5995158714790183,0.0636873013986938,0.04235020498203455,0.10268261941263337,0.07899394103678695
5,6,Marketing,Sales,0.2463826857215801,False,0.1170390581339903,0.14690550265943036,0.08719858890113019,0.0854621546768844,0.1570118090488854,0.16000020085809927,0.2463826857215801
0,5,Engineering,Marketing,0.294950505774107,False,0.15400524027223098,0.06164772798110302,0.19833770248028543,0.16348029401436548,0.0861729406656051,0.294950505774107,0.04140558881230304
2,2,HR,HR,0.48960792750547105,True,0.0784407866238346,0.11146600723359727,0.48960792750547105,0.09715059030162859,0.06443592920028979,0.10216988367777703,0.056728875457401615
2,2,HR,HR,0.3954547293610066,True,0.08024880620357347,0.06744898894364144,0.3954547293610066,0.10250395332628588,0.04656329144197265,0.24404630471644848,0.06373392600707152
0,0,Engineering,Engineering,0.531305332762788,True,0.531305332762788,0.04200839147435151,0.0792661353650374,0.05219218245007615,0.06259428488209165,0.1458529510315574,0.086780722034098
2,2,HR,HR,0.4462368895602476,True,0.06361965459831026,0.0882271280740779,0.4462368895602476,0.11706433372580345,0.08745636033203968,0.15279056643896305,0.04460506727055806
0,3,Engineering,Healthcare,0.27619752785327206,False,0.16526273833833616,0.038572464853572255,0.1834209133646655,0.27619752785327206,0.03242086587375383,0.13142400436319598,0.17270148535320426
5,5,Marketing,Marketing,0.2619627663987248,True,0.09284842288301215,0.10405822554667464,0.14622078496041477,0.16479597008281482,0.07098380700391385,0.2619627663987248,0.15913002312444485
2,6,HR,Sales,0.3331819765436465,False,0.09470151633121908,0.05560960043783168,0.19754039089708575,0.13423061782521256,0.03147729240129741,0.1532586055637071,0.3331819765436465
0,0,Engineering,Engineering,0.5228180204472931,True,0.5228180204472931,0.040048965249013885,0.09525759520915644,0.1097029094425601,0.0750041546411574,0.10126093061316517,0.05590742439765405
5,4,Marketing,IT,0.2899534430333288,False,0.060111950965836346,0.037979893238904806,0.10998512415251888,0.10643402255443213,0.2899534430333288,0.2501484030078399,0.1453871630471392
4,4,IT,IT,0.4069184364282218,True,0.08440977288000696,0.0677898971059668,0.1378388030413918,0.049495560716627675,0.4069184364282218,0.1356584697477689,0.11788906008001607
5,6,Marketing,Sales,0.23372343593071673,False,0.07495362529513673,0.055608662826014794,0.13055774751934374,0.0881133491276683,0.18637319699740754,0.23066998230371227,0.23372343593071673
0,0,Engineering,Engineering,0.3936749078189327,True,0.3936749078189327,0.05957032692758201,0.1323213809931504,0.173398230271354,0.053945807424954625,0.11110198807842439,0.07598735848560186
0,0,Engineering,Engineering,0.4066887214051744,True,0.4066887214051744,0.033124118636353485,0.17938692074911686,0.0739367007045105,0.040959710042897945,0.1698917977073392,0.09601203075460767
1,6,Finance,Sales,0.2700961345376753,False,0.11537274593751196,0.1563062713227494,0.16181979573516334,0.09636052022230662,0.07409549344178985,0.1259490388028036,0.2700961345376753
3,5,Healthcare,Marketing,0.24231235292900868,False,0.08471927557359064,0.04767728258390155,0.11011000031103461,0.2037478012270551,0.23707704263663446,0.24231235292900868,0.07435624473877502
4,4,IT,IT,0.2932939252747218,True,0.18013385301781193,0.10532815960101913,0.1409412920896069,0.085231502045037,0.2932939252747218,0.08305772208887298,0.11201354588293022
5,5,Marketing,Marketing,0.28532265903500137,True,0.09380412060478019,0.06077229587927616,0.16995303809751022,0.11085458813691387,0.049644131015429964,0.28532265903500137,0.22964916723108814
0,0,Engineering,Engineering,0.38644555382235224,True,0.38644555382235224,0.10603268865123144,0.12800428119628213,0.12692102380314985,0.05806878918215823,0.0853541308601705,0.1091735324846556
3,1,Healthcare,Finance,0.3816439566876143,False,0.07456615825638019,0.3816439566876143,0.06177082325904973,0.11561600693257938,0.041966110761661554,0.062220024695311876,0.26221691940740277
1,1,Finance,Finance,0.6127541454737377,True,0.11747144503597255,0.6127541454737377,0.07840064413181438,0.05018236642899548,0.04175822038315087,0.05227910563935258,0.04715407290697657
1,1,Finance,Finance,0.42188849282032087,True,0.0682870894662363,0.42188849282032087,0.0850882078194698,0.06567677880793274,0.05117330822451873,0.10619721944832328,0.2016889034131984
4,5,IT,Marketing,0.34670033807550965,False,0.080456599721279,0.030505100695056065,0.24760287753756738,0.05523957738231508,0.19736185426253816,0.34670033807550965,0.04213365232573485
0,0,Engineering,Engineering,0.5443220046372054,True,0.5443220046372054,0.03670706881801458,0.10232502832360092,0.0886925980482746,0.07571899301071813,0.08223475517233801,0.06999955198984835
5,5,Marketing,Marketing,0.3110414955868997,True,0.09990182856661783,0.10468107738057743,0.12448581005723076,0.10142727283021508,0.10396112692152941,0.3110414955868997,0.15450138865692975
2,5,HR,Marketing,0.20763952761135307,False,0.13703219388269738,0.09345943516105308,0.16564969599730403,0.12349790969423621,0.085907678171702,0.20763952761135307,0.1868135594816542
1,1,Finance,Finance,0.35345632136029254,True,0.08369957776590697,0.35345632136029254,0.14739533549957615,0.09502957431003514,0.09053205026017994,0.11071626157145698,0.11917087923255237
5,0,Marketing,Engineering,0.2696690717603155,False,0.2696690717603155,0.06232629569494943,0.18736815936545176,0.10660623523955476,0.059610313475874956,0.2302265327143785,0.08419339174947515
5,5,Marketing,Marketing,0.43000838623281856,True,0.06714672039818931,0.085501264161196,0.12774383141659476,0.05714076017783208,0.1674315019455539,0.43000838623281856,0.06502753566781554
2,3,HR,Healthcare,0.3463193152808938,False,0.059031342550002544,0.04686635211845337,0.26941419189204285,0.3463193152808938,0.05946539854131623,0.10176403882344986,0.11713936079384124
2,2,HR,HR,0.39070242207390565,True,0.07641016774700363,0.04696710196742033,0.39070242207390565,0.22461901430990866,0.05907563738576084,0.16700706432220294,0.03521859219379799
0,0,Engineering,Engineering,0.4127805759071805,True,0.4127805759071805,0.056405906567614655,0.11608047462385022,0.13388272858985173,0.06730789316243838,0.1439766938668735,0.06956572728219103
0,0,Engineering,Engineering,0.47953043387485694,True,0.47953043387485694,0.06557364842610654,0.08538800187061699,0.07640402640280741,0.0856191095411317,0.16899173988722843,0.038493039997252045
3,3,Healthcare,Healthcare,0.36463018634475014,True,0.11002494124507511,0.06047035679026483,0.20947130819646967,0.36463018634475014,0.04995119540048122,0.08741125547603262,0.1180407565469265
2,5,HR,Marketing,0.37031920436800864,False,0.08316716632452541,0.06074592328885895,0.1370055563312145,0.06840584079700127,0.19223330431539015,0.37031920436800864,0.08812300457500098
2,4,HR,IT,0.2619902608962269,False,0.25471168740686295,0.08793742562221471,0.22112106558635086,0.03717918918845302,0.2619902608962269,0.08829920723075023,0.04876116406914144
5,2,Marketing,HR,0.34979626667586516,False,0.10112055595823329,0.029887895704930157,0.34979626667586516,0.05645272084012126,0.08091000082644732,0.3319773428959037,0.04985521709849907
4,0,IT,Engineering,0.20861753674708988,False,0.20861753674708988,0.05927639256051835,0.15624709004581308,0.162038046478442,0.0736511985036967,0.20174986347196264,0.13841987219247748
3,3,Healthcare,Healthcare,0.45006795516924786,True,0.05809259196199215,0.05052472184125357,0.2305780494039944,0.45006795516924786,0.03810337072289611,0.13275435328684693,0.03987895761376894
2,2,HR,HR,0.283535777765138,True,0.05463471060747011,0.10409261486312148,0.283535777765138,0.23495088331657918,0.06469266599082193,0.13576142086107723,0.12233192659579183
2,5,HR,Marketing,0.2340644163568425,False,0.10226498130215382,0.1775616283136705,0.2210231167651653,0.11743799957207382,0.07836782775680338,0.2340644163568425,0.06928002993329076
2,2,HR,HR,0.33589503340983634,True,0.11842351836605206,0.10398415661189539,0.33589503340983634,0.13348112380793878,0.05829018110061984,0.18855837881444096,0.0613676078892165
2,2,HR,HR,0.36250216162066273,True,0.08242061274260487,0.02148853533200251,0.36250216162066273,0.26951466651669875,0.02105716961446936,0.1311593284275848,0.11185752574597703
2,2,HR,HR,0.331996777350553,True,0.17321110222799463,0.08397469774007438,0.331996777350553,0.10267498961736153,0.05538210562985845,0.08242201835580985,0.17033830907834807
6,6,Sales,Sales,0.28285117579257585,True,0.18320879180465788,0.09158121809293872,0.1359007573646918,0.11976620541434184,0.06387162662275601,0.122820224908038,0.28285117579257585
2,2,HR,HR,0.3736900495825901,True,0.06908615078074178,0.06302233420731762,0.3736900495825901,0.09672201944740098,0.043579402726192214,0.20865962058783946,0.14524042266791773
1,1,Finance,Finance,0.5739070428212734,True,0.06575641291824429,0.5739070428212734,0.11047525114089402,0.060552977202212116,0.049324647937675284,0.029768265041156115,0.1102154029385448
2,2,HR,HR,0.3587137064618591,True,0.1294996033267215,0.05468688117452188,0.3587137064618591,0.10135454357367663,0.07988768183752204,0.23270646847464121,0.04315111515105765
2,2,HR,HR,0.4835719438244068,True,0.04856991683612016,0.044202295155477536,0.4835719438244068,0.1524636023130553,0.03318805238995327,0.1137469403216045,0.12425724915938235
5,1,Marketing,Finance,0.24256345079585906,False,0.12456247327717784,0.24256345079585906,0.15744189971865746,0.10809919852511878,0.10383228175446872,0.11475115788244511,0.14874953804627283
2,2,HR,HR,0.28361797373606273,True,0.18999560874629273,0.09158366323970188,0.28361797373606273,0.20396786885239268,0.06011597904266531,0.10196469963777152,0.06875420674511308
6,6,Sales,Sales,0.29216972574617606,True,0.1302501064093145,0.02506973134309114,0.2557769432333008,0.09829201248672673,0.02411548213548817,0.1743259986459027,0.29216972574617606
0,0,Engineering,Engineering,0.30849460783537874,True,0.30849460783537874,0.07914385750967709,0.12921667048392643,0.12369604158627018,0.12828865176924778,0.15799997730287452,0.07316019351262516
0,0,Engineering,Engineering,0.5312188869736552,True,0.5312188869736552,0.11783402789808455,0.06147371697679985,0.06987698634873807,0.052582598885741544,0.12674597304109655,0.04026780987588429
0,4,Engineering,IT,0.3302749199974104,False,0.2970007216015933,0.034028319349089564,0.11969905141753549,0.049016520978234134,0.3302749199974104,0.11635101577226578,0.05362945088387135
2,2,HR,HR,0.47922547724085135,True,0.0749120095555128,0.09154100688105773,0.47922547724085135,0.1110039086248209,0.11823900475044506,0.07462595802126933,0.0504526349260428
2,2,HR,HR,0.4640073909164187,True,0.05706350581162725,0.07057222354089487,0.4640073909164187,0.10684684789498865,0.09515430662000032,0.12226138524535685,0.08409433997071339
0,0,Engineering,Engineering,0.4260405800646539,True,0.4260405800646539,0.06658969574742209,0.14708795941132616,0.10700230244577162,0.07209585135205389,0.11483799950382537,0.06634561147494696
2,4,HR,IT,0.42455874348716977,False,0.13225985691834655,0.06060917234142878,0.20181681691447628,0.0621120897991563,0.42455874348716977,0.0748317528405282,0.04381156769889405
5,5,Marketing,Marketing,0.3224464977090434,True,0.042047227528738775,0.08155611124884925,0.08895013326653825,0.07737918517922125,0.15581978971450033,0.3224464977090434,0.23180105535310877
2,0,HR,Engineering,0.3225263594294914,False,0.3225263594294914,0.10764394751151085,0.20935831976759187,0.08143680022235808,0.08590352138728424,0.1172226280304277,0.07590842365133582
0,0,Engineering,Engineering,0.2323422083570426,True,0.2323422083570426,0.09579678160861889,0.1228661408584831,0.1383026794865489,0.10326337688001291,0.14202750831499875,0.16540130449429472
5,5,Marketing,Marketing,0.4600175883709186,True,0.06576965149357995,0.04291606041668325,0.05676938901729516,0.034076455663780605,0.28900032979799906,0.4600175883709186,0.05145052523974335
1,6,Finance,Sales,0.25663426534832556,False,0.06512283217175842,0.23136509625001514,0.09572136691399631,0.07969045667556526,0.15080051408184303,0.12066546855849633,0.25663426534832556
0,4,Engineering,IT,0.2841691136468356,False,0.17338527230561443,0.15220592126466256,0.16438025915240279,0.05751378764083056,0.2841691136468356,0.10957926486541673,0.05876638112423734
5,1,Marketing,Finance,0.34003561465315174,False,0.10570881118626024,0.34003561465315174,0.13922940101335002,0.08092891793778513,0.05697055786285154,0.18166977519707356,0.0954569221495276
1,1,Finance,Finance,0.4712830385918946,True,0.11972992423732585,0.4712830385918946,0.10471244115036374,0.046545931348421506,0.052620319642861124,0.09885786013605062,0.10625048489308245
0,0,Engineering,Engineering,0.4222600670839682,True,0.4222600670839682,0.04873078407616912,0.1113159462893112,0.16139318129682292,0.05315718900629595,0.08845623337535799,0.11468659887207454
2,5,HR,Marketing,0.22154665791588085,False,0.15752950977110816,0.05953748642659117,0.20826161763451495,0.1239240519437091,0.07844233822899385,0.22154665791588085,0.15075833807920191
2,2,HR,HR,0.32761280329243314,True,0.11002187000544157,0.03993809545811101,0.32761280329243314,0.19116334615921715,0.08952698093854515,0.1879486025520525,0.053788301594199436
0,0,Engineering,Engineering,0.5613344778554246,True,0.5613344778554246,0.04157570505183151,0.09213528973321196,0.06734637268641583,0.1263461474990028,0.06946166227079528,0.041800344903318194
4,4,IT,IT,0.4537188952314269,True,0.10675983832429634,0.09592151207984395,0.11179086953721082,0.05679858442243952,0.4537188952314269,0.10468941799414648,0.070320882410636
5,5,Marketing,Marketing,0.44433804563953966,True,0.10732496724450762,0.04192212306524468,0.061528607837316604,0.042680237318022694,0.21429234682238157,0.44433804563953966,0.08791367207298707
0,0,Engineering,Engineering,0.48930844589960476,True,0.48930844589960476,0.058167982988601236,0.10214702870040092,0.09537897421728238,0.07044054911183101,0.10805663125340115,0.07650038782887862
5,5,Marketing,Marketing,0.3473680084738232,True,0.13011270296765587,0.02535170145887699,0.07901501000342948,0.1017855922598644,0.27342305046381693,0.3473680084738232,0.04294393437253313
3,1,Healthcare,Finance,0.22531143359917666,False,0.129295759780581,0.22531143359917666,0.15873007158959354,0.19102381740539118,0.16161320994481687,0.045092982308462565,0.08893272537197826
0,0,Engineering,Engineering,0.46756450733673033,True,0.46756450733673033,0.037541585380727084,0.08766154479933289,0.07797227539369174,0.1004249668016808,0.14958989476083706,0.07924522552700025
6,6,Sales,Sales,0.3719314097787085,True,0.06306508565738377,0.035649671009806434,0.18643280430371187,0.11877215107662817,0.04849605724784823,0.17565282092591283,0.3719314097787085
4,6,IT,Sales,0.32160625327193787,False,0.032124131122213524,0.10638570134512888,0.07450614875923443,0.04110594475435876,0.311641907802888,0.11262991294423849,0.32160625327193787
0,0,Engineering,Engineering,0.4297771814167863,True,0.4297771814167863,0.08684260702694746,0.07519593749406005,0.045459619450819465,0.11424584685477941,0.1318243003340209,0.11665450742258651
1,1,Finance,Finance,0.5286325556629254,True,0.10839946716367772,0.5286325556629254,0.159929099303126,0.0702135441372628,0.05096206643387988,0.05222015394603152,0.029643113353096606
2,2,HR,HR,0.4516610774985397,True,0.11790330091488994,0.03437362931038343,0.4516610774985397,0.07715824615953813,0.060830823275706394,0.2054877631015827,0.05258515973935963
0,0,Engineering,Engineering,0.4853520947211251,True,0.4853520947211251,0.05503506692052629,0.10205636291592189,0.06944149455639397,0.11766163364700082,0.1328820188379707,0.037571328401061255
6,6,Sales,Sales,0.3876747418276449,True,0.06960172355026431,0.09181444909772794,0.13253974579263378,0.14960115772348648,0.07932725788229403,0.08944092412594849,0.3876747418276449
6,6,Sales,Sales,0.3138367251290601,True,0.1390003573108685,0.08668648873288062,0.13974902230716776,0.1087974833003085,0.06589556572691806,0.14603435749279642,0.3138367251290601
2,2,HR,HR,0.43917201401035677,True,0.09183210881625849,0.141401524781354,0.43917201401035677,0.12823985426244647,0.049796791669944794,0.08693796472858532,0.06261974173105413
4,4,IT,IT,0.43706610303915067,True,0.13972668578125527,0.10921779379536928,0.10244956694529439,0.0815632377770183,0.43706610303915067,0.06135680959065863,0.06861980307125357
3,3,Healthcare,Healthcare,0.36155227805559353,True,0.0611596302781175,0.04182014683084574,0.0946945759915888,0.36155227805559353,0.0737194143492459,0.17281788695481637,0.19423606753979206
5,6,Marketing,Sales,0.2407430197799081,False,0.18334941530376905,0.08258321030935249,0.10659892305962888,0.08429480190508093,0.0660445909414755,0.23638603870078514,0.2407430197799081
5,5,Marketing,Marketing,0.3669802410865163,True,0.15252618831950288,0.09407347002091733,0.11783470131467125,0.08144851253875923,0.11090199225661014,0.3669802410865163,0.07623489446302291
5,1,Marketing,Finance,0.31656779954165,False,0.16415054719461597,0.31656779954165,0.11550944906391641,0.05871778124677122,0.1409955904261161,0.08980775487050022,0.11425107765643013
2,4,HR,IT,0.41504647682075074,False,0.1110427498588243,0.051858847095197724,0.22798289754242088,0.042891594596341884,0.41504647682075074,0.09007137417311215,0.061106059913352426
4,4,IT,IT,0.4649600758477863,True,0.11089663335426236,0.05664815156193892,0.20084640474349053,0.03708629966676705,0.4649600758477863,0.08179954089800803,0.04776289392774684
0,0,Engineering,Engineering,0.4725542765307847,True,0.4725542765307847,0.0501599878419055,0.12964580252869584,0.10337162259374595,0.09522506508067165,0.09794153763868477,0.051101707785511714
5,5,Marketing,Marketing,0.48200838265752316,True,0.0674736111799483,0.04522132989631659,0.09681892957715986,0.030559244807750716,0.11474547926602315,0.48200838265752316,0.16317302261527825
1,1,Finance,Finance,0.5189003194204423,True,0.09137674639148806,0.5189003194204423,0.12308716254816209,0.11906126814462342,0.04436770911102076,0.06894468056663992,0.03426211381762347
4,4,IT,IT,0.3292307096833009,True,0.1317642397762261,0.1556665324870278,0.1265857509468159,0.05419930443172022,0.3292307096833009,0.12230358016709443,0.08024988250781466
0,0,Engineering,Engineering,0.33087752946816723,True,0.33087752946816723,0.09192918803235497,0.15313648379532663,0.05881357961758107,0.1663044117729426,0.16783108434129707,0.031107722972330457
6,6,Sales,Sales,0.3554849367339792,True,0.07364212651932425,0.06903101671464626,0.11327707601714461,0.1402517946878735,0.035682894737578526,0.2126301545894537,0.3554849367339792
0,0,Engineering,Engineering,0.27465182480184586,True,0.27465182480184586,0.06546437450574653,0.19737004254031976,0.06975037829871233,0.16483204214271496,0.1695387111168306,0.05839262659383004
0,5,Engineering,Marketing,0.32120453484973277,False,0.22394129783474123,0.10292771987595009,0.11191665700620688,0.08260160908368067,0.10480479042720263,0.32120453484973277,0.05260339092248564
5,5,Marketing,Marketing,0.33552908560184896,True,0.032176519662737824,0.06988566829475232,0.114213830394763,0.04376021799590014,0.2828812315658226,0.33552908560184896,0.12155344648417497
1,1,Finance,Finance,0.5998010168224234,True,0.06476246235347617,0.5998010168224234,0.10623546074745627,0.06319506380932285,0.07062762030229756,0.05143725761569737,0.04394111834932637
0,0,Engineering,Engineering,0.4027868660609585,True,0.4027868660609585,0.09245772559478596,0.11089493314979355,0.06506669727933673,0.06683619317049387,0.19254633939047458,0.06941124535415681
2,0,HR,Engineering,0.3930443073071357,False,0.3930443073071357,0.029801202032144702,0.1344791235684879,0.03895969986939989,0.05926220979165669,0.3141404548541883,0.030313002576986835
6,6,Sales,Sales,0.42901676021522744,True,0.0689217912541427,0.0702542917884075,0.07674240973644686,0.1578179672028326,0.08428841368616607,0.11295836611677675,0.42901676021522744
6,6,Sales,Sales,0.3620682457943649,True,0.11682748352854717,0.02941718855716797,0.1204952499894871,0.11343319068691979,0.04566412928535531,0.2120945121581576,0.3620682457943649
4,4,IT,IT,0.3867181647418112,True,0.11557969198722988,0.1346312579837903,0.10054059258335457,0.08034429222061527,0.3867181647418112,0.08758159704413915,0.0946044034390597
1,1,Finance,Finance,0.3233185003986404,True,0.17360566343344885,0.3233185003986404,0.13870395388342413,0.0741479041494925,0.1280267138797933,0.09860217873735393,0.06359508551784679
3,3,Healthcare,Healthcare,0.45388220894006864,True,0.06924523443347547,0.0663295414089926,0.11616020698694356,0.45388220894006864,0.04172510676894489,0.18194879415973636,0.07070890730183843
5,2,Marketing,HR,0.3239749693431213,False,0.09596617263395016,0.036978302415665715,0.3239749693431213,0.05482813241287754,0.13061304054203163,0.2436963663302906,0.11394301632206288
0,0,Engineering,Engineering,0.47290154874396023,True,0.47290154874396023,0.03997726026283883,0.14031161468603587,0.09207748834618458,0.09152664939859281,0.10359452335583964,0.059610915206547994
6,6,Sales,Sales,0.31145338219913166,True,0.11303145555798333,0.08656251232373259,0.13689870014102218,0.12360331813541175,0.06530271280851611,0.1631479188342024,0.31145338219913166
3,6,Healthcare,Sales,0.29324408354143167,False,0.12470760319177239,0.06847225661263431,0.150081901107987,0.12637890429282414,0.07805347220687525,0.15906177904647525,0.29324408354143167
0,0,Engineering,Engineering,0.49828994091537177,True,0.49828994091537177,0.06196882419377955,0.07861194657308619,0.0805230198503398,0.08373273208690167,0.1240154152178633,0.07285812116265761
0,0,Engineering,Engineering,0.47114329779478886,True,0.47114329779478886,0.05701727688812324,0.09290789063778553,0.09057915265896138,0.07659706164981299,0.1633535125678855,0.048401807802642374
4,2,IT,HR,0.21002998297363348,False,0.2024942839686822,0.07318381108753662,0.21002998297363348,0.15923456682488685,0.10490026464248177,0.15028645449172015,0.09987063601105889
5,5,Marketing,Marketing,0.33119543908362387,True,0.1032332486479196,0.04891665300553723,0.16129310514791018,0.15495187082557443,0.049042516951713924,0.33119543908362387,0.15136716633772074
5,6,Marketing,Sales,0.28996235802479686,False,0.039078482574234304,0.06296886504464146,0.14696118557400398,0.1816773464193946,0.07345852562284035,0.20589323674008841,0.28996235802479686
0,0,Engineering,Engineering,0.31475982027536675,True,0.31475982027536675,0.09641217117301655,0.11397851301662525,0.058426395026185615,0.07374050504206009,0.2487621580516676,0.09392043741507808
0,0,Engineering,Engineering,0.5001104047503221,True,0.5001104047503221,0.04468455815102095,0.11346876988606965,0.08978537730986401,0.07147561360040298,0.10153526235975248,0.07894001394256772
1,1,Finance,Finance,0.49691981021451365,True,0.14007007106643082,0.49691981021451365,0.11502946075606411,0.05157307416076257,0.04683127522353601,0.10648867339537242,0.04308763518332039
6,6,Sales,Sales,0.2562028543593067,True,0.10590814715403606,0.07156294080029618,0.13090734690463954,0.22491133380976383,0.1015033896882059,0.10900398728375195,0.2562028543593067
2,2,HR,HR,0.33627806612781574,True,0.08671128038491474,0.033554719354872045,0.33627806612781574,0.1757786842411611,0.05993966125918882,0.18006623402463354,0.12767135460741394
4,4,IT,IT,0.38843961667034804,True,0.1503831579082517,0.08116163002100131,0.13791830077139253,0.05738780398108106,0.38843961667034804,0.09017497869567902,0.0945345119522464
6,6,Sales,Sales,0.3802822300378066,True,0.07071713932133757,0.11635622654132231,0.09712265979633716,0.0609417787733069,0.09145793275511038,0.18312203277477912,0.3802822300378066
1,1,Finance,Finance,0.5081033619163604,True,0.10944358805435372,0.5081033619163604,0.13525049053226304,0.04199514868949961,0.09558854041372962,0.07896063189445239,0.030658238499341132
2,2,HR,HR,0.4210760968144927,True,0.06313844146166216,0.10612490592276633,0.4210760968144927,0.09290581559943988,0.11376638676831001,0.11131039180191951,0.09167796163140927
3,3,Healthcare,Healthcare,0.2952276513003185,True,0.06478773052378005,0.03205705378787243,0.23068940855950187,0.2952276513003185,0.06979403897666084,0.16443915941186965,0.14300495743999667
4,4,IT,IT,0.38301247313476733,True,0.1740794717718941,0.10593501973685619,0.15419180438452057,0.0577671155436411,0.38301247313476733,0.08089966571637858,0.04411444971194206
3,3,Healthcare,Healthcare,0.42895560774059566,True,0.07733469999489036,0.03723840718254921,0.1297874266121521,0.42895560774059566,0.04688859592696147,0.18060977344169496,0.09918548910115614
0,0,Engineering,Engineering,0.5566238676259305,True,0.5566238676259305,0.04568108710038581,0.07932981121268548,0.06543261649811839,0.11529267402870817,0.0939605306172151,0.04367941291695646
4,2,IT,HR,0.472539814331275,False,0.07514224080215086,0.15603668757324282,0.472539814331275,0.11662409078699792,0.06672155046024439,0.07579546209311602,0.03714015395297287
0,1,Engineering,Finance,0.5688728726382573,False,0.12193116646232438,0.5688728726382573,0.09987678868309939,0.040439991969223314,0.0385185485957842,0.06396661233002461,0.06639401932128684
4,1,IT,Finance,0.35060314692334843,False,0.08265234461880462,0.35060314692334843,0.09853441766370834,0.05305018353049424,0.08906528151826805,0.11623237866503527,0.209862247080341
4,4,IT,IT,0.29800633243825714,True,0.28723042508886715,0.04573725370635191,0.09746384956537857,0.08762461462641745,0.29800633243825714,0.1402054726726937,0.04373205190203398
2,2,HR,HR,0.3315629064633703,True,0.06696431759529126,0.0874128629456647,0.3315629064633703,0.12415441818436124,0.10534997656347922,0.04522000757366947,0.2393355106741637
6,6,Sales,Sales,0.2725788198174971,True,0.10988689847793409,0.05705153484322415,0.12389361363253637,0.19137161417764345,0.07153654672431825,0.17368097232684648,0.2725788198174971
5,5,Marketing,Marketing,0.3390123667950482,True,0.05476576685665314,0.058685251089558604,0.09196770165182921,0.04202789220201447,0.3073692601930051,0.3390123667950482,0.10617176121189131
2,6,HR,Sales,0.24838371909362467,False,0.11499706312553376,0.11489514180271382,0.16950894233207667,0.1639602955980428,0.029708208897461164,0.1585466291505473,0.24838371909362467
4,6,IT,Sales,0.2528628501888996,False,0.06667903096072247,0.13080917874101003,0.2235354304368706,0.15376747510002745,0.12321815813727284,0.04912787643519705,0.2528628501888996
1,1,Finance,Finance,0.42303507631866877,True,0.09956046198257655,0.42303507631866877,0.10763479224427633,0.07481807395533477,0.039257681810330486,0.109513784867841,0.1461801288209721
1,1,Finance,Finance,0.5456320680283825,True,0.1339920525698962,0.5456320680283825,0.1290709001540038,0.06991302523671303,0.03857422716051345,0.03469848184996284,0.04811924500052822
5,3,Marketing,Healthcare,0.3336055084846311,False,0.1516388605594683,0.03887207904927211,0.14088946331182214,0.3336055084846311,0.0467330355170943,0.18447533873497793,0.10378571434273412
4,5,IT,Marketing,0.36770287415193564,False,0.06483227511800346,0.032143248630363636,0.08589224889040621,0.05832816330888748,0.3356749613563186,0.36770287415193564,0.055426228544084945
0,0,Engineering,Engineering,0.2831664541058644,True,0.2831664541058644,0.1117288958254958,0.17648961947402922,0.08106744697771139,0.17168971648227835,0.09005633893352136,0.08580152820109958
5,5,Marketing,Marketing,0.4988351523646511,True,0.07926197562470064,0.05418250414724691,0.07608366539755136,0.06779858614911376,0.10024071157234561,0.4988351523646511,0.12359740474439067
0,6,Engineering,Sales,0.40591625449568436,False,0.10062410475646674,0.10901557835209971,0.12861487334738778,0.09103845984442621,0.08708724046841962,0.07770348873551548,0.40591625449568436
1,1,Finance,Finance,0.3945615327344313,True,0.11068397480732717,0.3945615327344313,0.1111325062688062,0.06964284606890389,0.14658218331915918,0.0857082142997052,0.08168874250166712
0,0,Engineering,Engineering,0.24835436913189826,True,0.24835436913189826,0.1599253453924786,0.12081241279471418,0.15571991282392567,0.07165462990218642,0.16495374693734025,0.07857958301745664
4,4,IT,IT,0.4793946257399506,True,0.13789010926611553,0.055197016746638856,0.12230107249225744,0.06953010793058646,0.4793946257399506,0.08545300261632303,0.050234065208128155
3,3,Healthcare,Healthcare,0.4362188662204748,True,0.05019300977081585,0.024620357628508397,0.19932511703875555,0.4362188662204748,0.03190397257388771,0.2334901255655812,0.024248551201976484
2,3,HR,Healthcare,0.28137752032903124,False,0.08948036277555056,0.09016231325506475,0.1808112069960099,0.28137752032903124,0.0557971650840172,0.17137588918682822,0.13099554237349817
0,0,Engineering,Engineering,0.2787474513050098,True,0.2787474513050098,0.13277545821096837,0.15428341552614458,0.050201778066025396,0.24151413480106781,0.08529959064855513,0.0571781714422288
5,3,Marketing,Healthcare,0.36847910166995684,False,0.08432284667660883,0.05717798883118993,0.17066476704944894,0.36847910166995684,0.055101614589466774,0.19774969535349293,0.06650398582983573
1,1,Finance,Finance,0.5547957981438203,True,0.08423141952303966,0.5547957981438203,0.10495493995804826,0.06191773068231399,0.04632814670063059,0.06184463205240709,0.08592733293974017
3,2,Healthcare,HR,0.29883510397660296,False,0.03678372657148201,0.03547848906720999,0.29883510397660296,0.2280702973183524,0.0850974925568908,0.13675263985900718,0.17898225065045476
6,6,Sales,Sales,0.326191325575908,True,0.1514880897340046,0.0736710086671527,0.1475794426048626,0.07271907467808225,0.06914143134435338,0.15920962739563643,0.326191325575908
5,6,Marketing,Sales,0.24422745939678125,False,0.1876532889362586,0.062308534485003356,0.13997332759211784,0.12552289281474596,0.052137779778486305,0.18817671699660665,0.24422745939678125
0,0,Engineering,Engineering,0.4984465858633405,True,0.4984465858633405,0.036312012167615815,0.14502903731662237,0.09062114759390852,0.058456593244629096,0.0996221386363088,0.07151248517757483
0,2,Engineering,HR,0.20041593368762345,False,0.18524627016969053,0.08890075446393969,0.20041593368762345,0.09697950065799231,0.1230718650499064,0.15266530799442526,0.15272036797642224
3,3,Healthcare,Healthcare,0.3614546097139278,True,0.1087891143465156,0.07745304193057825,0.15197742926912539,0.3614546097139278,0.08836454472881536,0.13657597005964078,0.07538528995139672
6,2,Sales,HR,0.25396247163895014,False,0.05106174546854369,0.06487303092443897,0.25396247163895014,0.07632678434579529,0.08527763096833467,0.22034609031942132,0.24815224633451594
6,6,Sales,Sales,0.3080306399918231,True,0.14666214035636152,0.062321274763795925,0.1415290415847207,0.0988626312252762,0.06930908687177097,0.17328518520625158,0.3080306399918231
0,0,Engineering,Engineering,0.5132382816337612,True,0.5132382816337612,0.06389541755509108,0.07225331392687642,0.11464332538668397,0.14777533768645132,0.05113090537960354,0.03706341843153241
2,2,HR,HR,0.45441446765906546,True,0.0858712522613483,0.10423961817481997,0.45441446765906546,0.11176320216166626,0.10307333414255557,0.08266646417459889,0.057971661425945495
1,1,Finance,Finance,0.29729198106350957,True,0.15228382580844563,0.29729198106350957,0.13166889055597467,0.10636111368190797,0.05729044817311064,0.10180958903518336,0.15329415168186827
0,0,Engineering,Engineering,0.397774038628479,True,0.397774038628479,0.06991846194924328,0.16215820283543864,0.10875919826088065,0.060305320924099876,0.13741644648310797,0.06366833091875071
5,5,Marketing,Marketing,0.38435587834830026,True,0.11873893399390195,0.10744616242653426,0.17502377900102037,0.08311465855644284,0.09688953007195157,0.38435587834830026,0.03443105760184857
5,5,Marketing,Marketing,0.3975176172803906,True,0.06335129468737886,0.045599200367690565,0.08786279512618574,0.08870805705130579,0.06989756018304139,0.3975176172803906,0.2470634753040071
2,2,HR,HR,0.3574707235182422,True,0.07144147905964893,0.06541973858447321,0.3574707235182422,0.1619708254227045,0.05729529546413834,0.1621279026270149,0.12427403532377795
0,0,Engineering,Engineering,0.4048971013878688,True,0.4048971013878688,0.04727649649911813,0.0992506170866415,0.061038531984098525,0.0943346568410419,0.23742412982000585,0.05577846638122531
2,0,HR,Engineering,0.3205781668525434,False,0.3205781668525434,0.06037479089203521,0.16900964000858879,0.05287539753095476,0.2540162435154256,0.09420948912415637,0.04893627207629578
1,1,Finance,Finance,0.44816987786093637,True,0.05615928424023654,0.44816987786093637,0.10614299576436821,0.047558304590240054,0.06583171678085725,0.08010119123017356,0.19603662953318807
2,3,HR,Healthcare,0.32023449383758196,False,0.1759934192277527,0.046270084518781854,0.26613881269943346,0.32023449383758196,0.0330958600038337,0.10691351578316709,0.05135381392944917
5,5,Marketing,Marketing,0.37736423789976636,True,0.11222643100867068,0.0435684786283727,0.27031946973948595,0.06494855606612304,0.08878782934852925,0.37736423789976636,0.042784997309052115
2,6,HR,Sales,0.280161263496276,False,0.027104793729945717,0.04653130633950707,0.0820760347146918,0.09111033721705272,0.21659950296748248,0.256416761535044,0.280161263496276
5,4,Marketing,IT,0.2911365493455595,False,0.23814017574869514,0.0498463323402331,0.15286056729010392,0.06221448744581326,0.2911365493455595,0.16561782007612658,0.040184067753468306
5,5,Marketing,Marketing,0.2997502010548916,True,0.05425638333606333,0.07007896522718914,0.054370972117654466,0.06726106053369124,0.19445270553459412,0.2997502010548916,0.25982971219591605
0,4,Engineering,IT,0.37331128314833373,False,0.14759014686189045,0.06395141170396157,0.1655016886052332,0.13298458475149452,0.37331128314833373,0.07142697005622729,0.04523391487285927
6,5,Sales,Marketing,0.2337920116142508,False,0.11073804943125409,0.06375616738300602,0.19755134231116128,0.12373207879224817,0.08800695239609758,0.2337920116142508,0.18242339807198205
2,2,HR,HR,0.5303365953879712,True,0.10099274342790565,0.07634251939269604,0.5303365953879712,0.06232016885996264,0.06771315879654195,0.08738657177961862,0.07490824235530388
2,2,HR,HR,0.4477745988393132,True,0.09802926585438906,0.046204404530074954,0.4477745988393132,0.11357301097866072,0.05377336497184642,0.21181315977388263,0.028832195051833043
5,2,Marketing,HR,0.388745577824322,False,0.10894759373833386,0.03129308645074889,0.388745577824322,0.0824257823685189,0.0685445583228822,0.2854142425493469,0.03462915874584719
1,1,Finance,Finance,0.5070990368483093,True,0.13354092952924213,0.5070990368483093,0.08646152746662844,0.06289389122003274,0.05107655423467968,0.11454217713203736,0.04438588356907036
4,4,IT,IT,0.4699890402035666,True,0.2420000149797703,0.034151857256243943,0.09887264138189222,0.03214746503821774,0.4699890402035666,0.0764122279713988,0.046426753168910324
0,0,Engineering,Engineering,0.2403074383116807,True,0.2403074383116807,0.04517368036988408,0.20867646191659442,0.16300295957106217,0.0958961969782249,0.1317575053018496,0.1151857575507043
3,6,Healthcare,Sales,0.24178140303858486,False,0.07147446595275186,0.07661485948518235,0.15708489575616447,0.19446433528867044,0.10326852955409717,0.15531151092454887,0.24178140303858486
2,2,HR,HR,0.4080815814724794,True,0.09167705225851235,0.15249829631288603,0.4080815814724794,0.10024157705325587,0.06840857232065833,0.0847616797549614,0.09433124082724649
6,6,Sales,Sales,0.24204302921025225,True,0.10932306694811597,0.17106411272381716,0.1462349076492989,0.08605744564599284,0.16199488270520426,0.08328255511731864,0.24204302921025225
6,6,Sales,Sales,0.33186002658370806,True,0.1449574309783003,0.056619758328047366,0.13065933906124233,0.11623492235528235,0.05532504094490466,0.1643434817485149,0.33186002658370806
4,4,IT,IT,0.3774463025662791,True,0.2591678937936739,0.06497290185233993,0.12196682319446213,0.07032731563410859,0.3774463025662791,0.06688066056016993,0.03923810239896647
6,6,Sales,Sales,0.4021899722526571,True,0.07766214731199372,0.15713873024923106,0.09169531329537457,0.09931288538940278,0.12713258286482057,0.04486836863652022,0.4021899722526571
1,1,Finance,Finance,0.4754063816911287,True,0.09729702149289161,0.4754063816911287,0.1532015975592981,0.04503375887868656,0.08707104040754399,0.03864106921476636,0.10334913075568473
4,4,IT,IT,0.4794480214794282,True,0.12334215953991758,0.09288830014724707,0.11696714720123455,0.048926884972655175,0.4794480214794282,0.08181657023606728,0.0566109164234501
2,2,HR,HR,0.5413979946319666,True,0.08672651937561417,0.045685071571629286,0.5413979946319666,0.07094096756348948,0.04259117005738074,0.0819260728094119,0.1307322039905077
2,6,HR,Sales,0.27250914964616607,False,0.0932108717381074,0.06676806618492023,0.1951295231758324,0.13601448765172022,0.04826740754283697,0.1881004940604166,0.27250914964616607
5,0,Marketing,Engineering,0.3165066753497025,False,0.3165066753497025,0.021234518879310188,0.10002480818397787,0.040204031571588014,0.1789509338599973,0.22250477557539186,0.12057425658003218
6,4,Sales,IT,0.29401393514194424,False,0.1099843925337036,0.10936124547428759,0.10156920759200597,0.07785850227910705,0.29401393514194424,0.1423375376696828,0.16487517930926884
1,1,Finance,Finance,0.6243608246668712,True,0.11158862301196434,0.6243608246668712,0.09475269707663343,0.04755915661192483,0.04278972762707348,0.04587450123838703,0.03307446976714582
6,6,Sales,Sales,0.3918665556196465,True,0.0608096204697666,0.12841357708888007,0.16863484182615343,0.08891015891203474,0.06044444158931565,0.10092080449420292,0.3918665556196465
1,1,Finance,Finance,0.30271706172857865,True,0.07464399361281628,0.30271706172857865,0.20447693277647735,0.10665280681932303,0.07505089850250517,0.15127211749846348,0.08518618906183599
4,1,IT,Finance,0.29246698298698814,False,0.15477183690714566,0.29246698298698814,0.1740369493508954,0.053433565719341235,0.12764127670600403,0.11734881685500403,0.0803005714746214
0,3,Engineering,Healthcare,0.21258905830522318,False,0.18287217781968332,0.09015559111267109,0.1469862676734627,0.21258905830522318,0.13993319781632307,0.11119531828541435,0.11626838898722226
2,2,HR,HR,0.2926857095244939,True,0.258827792841648,0.04837995781683399,0.2926857095244939,0.06892941390957803,0.10088162949291146,0.17660143283049504,0.05369406358403978
4,5,IT,Marketing,0.46195232333260594,False,0.08811718259830828,0.02978239764493947,0.08414569726299988,0.045900242485664995,0.23147701557671216,0.46195232333260594,0.0586251410987692
5,5,Marketing,Marketing,0.40674867298083234,True,0.1011578661169809,0.14531020321581609,0.13105297751618294,0.0604156326891915,0.09395475773874569,0.40674867298083234,0.06135988974225059
5,3,Marketing,Healthcare,0.2651214876223458,False,0.10355695024350856,0.07989243310243956,0.17643209238524765,0.2651214876223458,0.10049974315886293,0.08185596579441917,0.1926413276931764
1,1,Finance,Finance,0.5366494920381846,True,0.07328084816670151,0.5366494920381846,0.1314314084267302,0.06503195235737319,0.08063008315114063,0.06151279694266312,0.05146341891720676
6,4,Sales,IT,0.3319409021911526,False,0.11134805722650998,0.10156766359025188,0.09210417550094702,0.0475415960587394,0.3319409021911526,0.05485421232182524,0.2606433931105738
5,0,Marketing,Engineering,0.3084492552101576,False,0.3084492552101576,0.10725633491225982,0.2031629905646495,0.06781473371129156,0.10264501588210682,0.14046926742809043,0.07020240229144428
3,3,Healthcare,Healthcare,0.3313058468974377,True,0.08752443840047489,0.10281259419818997,0.23327162685938096,0.3313058468974377,0.12209145575823527,0.059346576989077485,0.06364746089720393
4,4,IT,IT,0.30863622354018994,True,0.08486495968334591,0.054796828516349205,0.06812539038143177,0.035715644987939395,0.30863622354018994,0.28731547076935754,0.16054548212138633
2,5,HR,Marketing,0.3088278988641994,False,0.05613769812834823,0.11772249679578012,0.18073333587852686,0.04910106915478528,0.20503829940778023,0.3088278988641994,0.08243920177057974
1,1,Finance,Finance,0.3200819941026523,True,0.10373144613579777,0.3200819941026523,0.17457409259526768,0.09384515985239218,0.10943861816869663,0.07967508337452202,0.11865360577067123
1,1,Finance,Finance,0.578476423536234,True,0.08736952337660249,0.578476423536234,0.09796485321142195,0.04687030210326402,0.07896182161196964,0.040788801535761234,0.06956827462474668
0,0,Engineering,Engineering,0.4442136305861446,True,0.4442136305861446,0.06124208658694268,0.0435722830511293,0.06817296495524502,0.04416948566473545,0.17420624309162658,0.16442330606417643
3,4,Healthcare,IT,0.380409006815731,False,0.22636182959323045,0.1070156970284955,0.08604779969460419,0.08030362333673138,0.380409006815731,0.06416238611108123,0.0556996574201262
3,0,Healthcare,Engineering,0.4315181740429886,False,0.4315181740429886,0.04736770767217452,0.10864658333114227,0.12102306020441542,0.0676100166604181,0.15759885176203392,0.0662356063268272
5,5,Marketing,Marketing,0.32574666012513576,True,0.13347302510773232,0.035665722757331736,0.3001579926704393,0.06635730333670652,0.0757210405186039,0.32574666012513576,0.06287825548405045
4,4,IT,IT,0.3979601488418393,True,0.07292433798935227,0.03269708803161001,0.1355642456493452,0.052329113140154475,0.3979601488418393,0.1772448087217902,0.13128025762590853
1,1,Finance,Finance,0.5517898778110988,True,0.08107741301579276,0.5517898778110988,0.11430713135008846,0.07788257264138193,0.04198407679919164,0.038414093768255914,0.0945448346141906
5,6,Marketing,Sales,0.31254401997139203,False,0.05302562556319171,0.10609923116849236,0.09629458357294167,0.09501533928216861,0.09152363734350458,0.24549756309830903,0.31254401997139203
4,4,IT,IT,0.34507450864930633,True,0.1619103734892727,0.11397948130055253,0.13060683701734746,0.08353210296946541,0.34507450864930633,0.0700606969641951,0.09483599960986033
3,4,Healthcare,IT,0.31701375182888025,False,0.14801722109256987,0.04197540486439269,0.2089833648380113,0.17240574407887602,0.31701375182888025,0.06620795925467195,0.045396554042597834
3,3,Healthcare,Healthcare,0.3901636146408844,True,0.14687997979039716,0.05693861895856296,0.2302133208636942,0.3901636146408844,0.039871026739207636,0.06017825227529191,0.07575518673196155
0,0,Engineering,Engineering,0.28419691580743645,True,0.28419691580743645,0.05438013839556543,0.1934988944767983,0.19646104892848235,0.10086492659872327,0.11110652546773486,0.05949155032525921
4,2,IT,HR,0.31641897736428803,False,0.09728558125986897,0.06455784443886624,0.31641897736428803,0.13308185401503658,0.12456269583100261,0.17994928244128847,0.08414376464964908
5,5,Marketing,Marketing,0.3518416815428842,True,0.08273729681653441,0.042592593480310637,0.09420919141007351,0.07107137477341435,0.24022214841709658,0.3518416815428842,0.11732571355968639
6,6,Sales,Sales,0.3017518009711029,True,0.2756541991277376,0.04649928565779959,0.10649898168378495,0.14938905296041385,0.031130473319242766,0.08907620627991834,0.3017518009711029
1,1,Finance,Finance,0.36280662885129067,True,0.10520075041575988,0.36280662885129067,0.16659566252957775,0.05329393562894489,0.096497775273111,0.05109974896288396,0.164505498338432
2,3,HR,Healthcare,0.24557153839443807,False,0.03099148240892888,0.05870174953373504,0.2160153819291551,0.24557153839443807,0.0658594848696597,0.13915945124501372,0.2437009116190696
4,5,IT,Marketing,0.31076978954270446,False,0.13365718716868843,0.03758770194215983,0.11351786427766257,0.056914237272232604,0.29804054971365107,0.31076978954270446,0.049512670082901146
2,2,HR,HR,0.23826307288925047,True,0.23382757297215787,0.10969681146304214,0.23826307288925047,0.10004689280269288,0.19982299466178807,0.08402987742222588,0.034312777788842716
0,0,Engineering,Engineering,0.5460437448840619,True,0.5460437448840619,0.048085057630259484,0.11646430430515523,0.04929075869471775,0.05817762580841273,0.13702259436219635,0.04491591431519642
1,1,Finance,Finance,0.49691981021451365,True,0.14007007106643082,0.49691981021451365,0.11502946075606411,0.05157307416076257,0.04683127522353601,0.10648867339537242,0.04308763518332039
1,1,Finance,Finance,0.2009697954508744,True,0.16271514058082304,0.2009697954508744,0.14847072661536106,0.1276066081622044,0.08196503012626609,0.09247731362244664,0.1857953854420243
6,0,Sales,Engineering,0.2154508888771126,False,0.2154508888771126,0.11986406203238228,0.1284912234612706,0.08173172125590404,0.17646774052485079,0.09753792794421755,0.18045643590426197
0,0,Engineering,Engineering,0.5457987128164317,True,0.5457987128164317,0.03877663391734166,0.08891170684654134,0.12343052675751107,0.07357736569699239,0.07509147235256348,0.054413581612618306
5,5,Marketing,Marketing,0.26507885064616254,True,0.12860598800772557,0.058913200711819415,0.1561606020144318,0.11022023861146983,0.05808305502291178,0.26507885064616254,0.22293806498547897
4,4,IT,IT,0.2812361713141258,True,0.16404865708040575,0.0985405681804391,0.17346090770235853,0.18110372521188756,0.2812361713141258,0.0539252003875958,0.047684770123187475
3,2,Healthcare,HR,0.2898875523136147,False,0.08247068373782096,0.04113672286945944,0.2898875523136147,0.18361001720976863,0.05860352980350766,0.09745752990931829,0.24683396415651032
2,2,HR,HR,0.42437463801303366,True,0.10869809540014465,0.10418995338428286,0.42437463801303366,0.09891437511725826,0.08382838795555005,0.11996096598800554,0.060033584141724966
0,0,Engineering,Engineering,0.27261499098090003,True,0.27261499098090003,0.039697784527774116,0.13382685338561154,0.09355945571981614,0.04857475606130153,0.26675524944346607,0.1449709098811306
0,0,Engineering,Engineering,0.4192697274669194,True,0.4192697274669194,0.04341874485500315,0.16316335960682507,0.11722826641645842,0.05678566177628544,0.16860568089455705,0.031528558983951536
1,6,Finance,Sales,0.3054610501794015,False,0.04700064565395431,0.20813781495610056,0.08868513767067249,0.07016255948916253,0.0677349331744537,0.21281785887625504,0.3054610501794015
1,1,Finance,Finance,0.5114607182397747,True,0.09336235790958423,0.5114607182397747,0.12389651781487353,0.07769740340215778,0.05582686065727335,0.047664412049150895,0.09009172992718559
2,2,HR,HR,0.3825061533624678,True,0.054583582126607764,0.21455029117069635,0.3825061533624678,0.1423296471827092,0.06627404185365826,0.07257144290866595,0.0671848413951946
1,1,Finance,Finance,0.6203711456576237,True,0.07075903894250656,0.6203711456576237,0.11181106475587005,0.05016512268064774,0.03637899358134263,0.06615954823743142,0.04435508614457791
2,2,HR,HR,0.4988697756434566,True,0.07802566321706961,0.028463730643910022,0.4988697756434566,0.16950232665116002,0.04780067971108824,0.11929804580930634,0.05803977832400919
2,2,HR,HR,0.5031416311729896,True,0.08361624466128853,0.03217900303788824,0.5031416311729896,0.14442558606535477,0.029164624562188195,0.12357726946461035,0.08389564103568034
0,2,Engineering,HR,0.19686496681689003,False,0.17700729561426964,0.09294344711281355,0.19686496681689003,0.16429938496551413,0.1166311995127836,0.15136856376093144,0.10088514221679744
0,4,Engineering,IT,0.4154058887737021,False,0.17061638606263027,0.06783451292526943,0.16918623168699698,0.04133307754577085,0.4154058887737021,0.08663879151163181,0.04898511149399864
4,2,IT,HR,0.23561329811067364,False,0.11303529710456647,0.14859723765634197,0.23561329811067364,0.19033369145394738,0.1028033681762698,0.15990971693581293,0.049707390562387585
6,0,Sales,Engineering,0.28139804408618585,False,0.28139804408618585,0.2425734673947733,0.12666566541618832,0.06538305638301889,0.06242443766809493,0.09920583907416144,0.12234948997757736
2,2,HR,HR,0.2656477878914605,True,0.13500117924939375,0.18799771783919625,0.2656477878914605,0.05677917089409867,0.2556339275721345,0.06828650608753055,0.03065371046618581
6,6,Sales,Sales,0.3681604479163654,True,0.04434078437626471,0.08797457952711031,0.11137396642878264,0.09911178575969021,0.24172099974698985,0.04731743624479687,0.3681604479163654
2,2,HR,HR,0.3393364021862518,True,0.07334485836057064,0.14261501622533615,0.3393364021862518,0.2010570820682148,0.05510670223275435,0.09132715413188734,0.09721278479498499
